team_id,team_name,fifa_code,confederation,matches_played,wins,draws,losses,goals_for,goals_against,goal_difference,avg_goals_for,avg_goals_against,win_rate,points
9,Argentina,ARG,CONMEBOL,103,73,19,11,212,59,153,2.058252427184466,0.5728155339805825,0.7087378640776699,238
73,France,FRA,UEFA,106,71,21,14,230,91,139,2.169811320754717,0.8584905660377359,0.6698113207547169,234
3,Algeria,ALG,CAF,109,73,26,10,235,80,155,2.1559633027522938,0.7339449541284404,0.6697247706422018,245
130,Morocco,MAR,CAF,114,76,26,12,213,61,152,1.868421052631579,0.5350877192982456,0.6666666666666666,254
98,Japan,JPN,AFC,101,66,16,19,241,78,163,2.386138613861386,0.7722772277227723,0.6534653465346535,214
64,England,ENG,UEFA,107,69,20,18,239,71,168,2.2336448598130842,0.6635514018691588,0.6448598130841121,227
90,IR Iran,IRN,AFC,87,56,18,13,180,63,117,2.0689655172413794,0.7241379310344828,0.6436781609195402,186
166,Senegal,SEN,CAF,107,68,24,15,189,75,114,1.766355140186916,0.7009345794392523,0.6355140186915887,228
20,Belgium,BEL,UEFA,101,64,20,17,239,87,152,2.366336633663366,0.8613861386138614,0.6336633663366337,212
178,Spain,ESP,UEFA,103,65,29,9,244,81,163,2.3689320388349513,0.7864077669902912,0.6310679611650486,224
154,Portugal,POR,UEFA,101,63,23,15,234,80,154,2.3168316831683167,0.7920792079207921,0.6237623762376238,212
28,Brazil,BRA,CONMEBOL,100,62,23,15,200,68,132,2.0,0.68,0.62,209
96,Italy,ITA,UEFA,92,56,21,15,183,79,104,1.9891304347826086,0.8586956521739131,0.6086956521739131,189
50,Côte d'Ivoire,CIV,CAF,92,56,18,18,160,68,92,1.7391304347826086,0.7391304347826086,0.6086956521739131,186
135,Netherlands,NED,UEFA,96,57,23,16,225,95,130,2.34375,0.9895833333333334,0.59375,194
159,Russia,RUS,UEFA,72,41,17,14,150,65,85,2.0833333333333335,0.9027777777777778,0.5694444444444444,140
62,Egypt,EGY,CAF,101,57,28,16,158,71,87,1.5643564356435644,0.7029702970297029,0.5643564356435643,199
12,Australia,AUS,AFC,77,43,14,20,138,58,80,1.7922077922077921,0.7532467532467533,0.5584415584415584,143
119,Malaysia,MAS,AFC,86,48,13,25,164,102,62,1.9069767441860466,1.186046511627907,0.5581395348837209,157
103,Korea Republic,KOR,AFC,99,55,25,19,177,88,89,1.7878787878787878,0.8888888888888888,0.5555555555555556,190
13,Austria,AUT,UEFA,90,50,15,25,162,93,69,1.8,1.0333333333333334,0.5555555555555556,165
125,Mexico,MEX,CONCACAF,134,74,29,31,211,124,87,1.5746268656716418,0.9253731343283582,0.5522388059701493,251
144,Norway,NOR,UEFA,82,45,19,18,172,83,89,2.097560975609756,1.0121951219512195,0.5487804878048781,154
57,Denmark,DEN,UEFA,95,52,24,19,181,81,100,1.9052631578947368,0.8526315789473684,0.5473684210526316,180
202,USA,USA,CONCACAF,122,66,22,34,229,118,111,1.8770491803278688,0.9672131147540983,0.5409836065573771,220
76,Germany,GER,UEFA,98,53,23,22,224,118,106,2.2857142857142856,1.2040816326530612,0.5408163265306123,182
37,Canada,CAN,CONCACAF,91,48,21,22,184,81,103,2.021978021978022,0.8901098901098901,0.5274725274725275,165
44,Colombia,COL,CONMEBOL,97,51,29,17,152,81,71,1.5670103092783505,0.8350515463917526,0.5257731958762887,182
191,Thailand,THA,AFC,92,48,23,21,171,98,73,1.858695652173913,1.065217391304348,0.5217391304347826,167
198,Türkiye,TUR,UEFA,94,49,20,25,169,120,49,1.797872340425532,1.2765957446808511,0.5212765957446809,167
137,New Caledonia,NCL,OFC,29,15,3,11,57,34,23,1.9655172413793103,1.1724137931034482,0.5172413793103449,48
51,Croatia,CRO,UEFA,103,53,25,25,179,121,58,1.7378640776699028,1.174757281553398,0.5145631067961165,184
207,Uzbekistan,UZB,AFC,86,44,18,24,138,81,57,1.6046511627906976,0.9418604651162791,0.5116279069767442,150
197,Tunisia,TUN,CAF,112,57,25,30,155,96,59,1.3839285714285714,0.8571428571428571,0.5089285714285714,196
210,Vietnam,VIE,AFC,83,42,15,26,131,86,45,1.5783132530120483,1.036144578313253,0.5060240963855421,141
185,Sweden,SWE,UEFA,99,50,14,35,164,126,38,1.6565656565656566,1.2727272727272727,0.5050505050505051,164
121,Mali,MLI,CAF,78,39,24,15,117,48,69,1.5,0.6153846153846154,0.5,141
141,Nigeria,NGA,CAF,100,50,29,21,159,94,65,1.59,0.94,0.5,179
85,Guyana,GUY,CONCACAF,52,25,5,22,103,89,14,1.9807692307692308,1.7115384615384615,0.4807692307692308,80
55,Czechia,CZE,UEFA,91,43,18,30,151,115,36,1.6593406593406594,1.2637362637362637,0.4725274725274725,147
16,Bahrain,BHR,AFC,104,49,19,36,148,116,32,1.4230769230769231,1.1153846153846154,0.47115384615384615,166
79,Greece,GRE,UEFA,81,38,17,26,112,77,35,1.382716049382716,0.9506172839506173,0.4691358024691358,131
89,Hungary,HUN,UEFA,86,40,20,26,118,102,16,1.372093023255814,1.186046511627907,0.46511627906976744,140
86,Haiti,HAI,CONCACAF,67,31,12,24,127,88,39,1.8955223880597014,1.3134328358208955,0.4626865671641791,105
32,Burkina Faso,BFA,CAF,85,39,24,22,122,85,37,1.4352941176470588,1.0,0.4588235294117647,141
188,Tahiti,TAH,OFC,24,11,3,10,42,32,10,1.75,1.3333333333333333,0.4583333333333333,36
94,Iraq,IRQ,AFC,107,49,33,25,133,105,28,1.2429906542056075,0.9813084112149533,0.45794392523364486,180
167,Serbia,SRB,UEFA,90,41,25,24,139,109,30,1.5444444444444445,1.211111111111111,0.45555555555555555,148
156,Qatar,QAT,AFC,121,55,26,40,188,158,30,1.5537190082644627,1.3057851239669422,0.45454545454545453,191
155,Puerto Rico,PUR,CONCACAF,42,19,6,17,83,63,20,1.9761904761904763,1.5,0.4523809523809524,63
165,Scotland,SCO,UEFA,89,40,16,33,130,119,11,1.4606741573033708,1.3370786516853932,0.449438202247191,136
204,Ukraine,UKR,UEFA,87,39,24,24,125,114,11,1.4367816091954022,1.3103448275862069,0.4482758620689655,141
153,Poland,POL,UEFA,92,41,21,30,146,113,33,1.5869565217391304,1.2282608695652173,0.44565217391304346,144
176,South Africa,RSA,CAF,99,44,38,17,131,80,51,1.3232323232323233,0.8080808080808081,0.4444444444444444,170
174,Solomon Islands,SOL,OFC,43,19,5,19,85,75,10,1.9767441860465116,1.744186046511628,0.4418604651162791,62
99,Jordan,JOR,AFC,111,49,24,38,164,129,35,1.4774774774774775,1.162162162162162,0.44144144144144143,171
206,Uruguay,URU,CONMEBOL,93,41,30,22,128,80,48,1.3763440860215055,0.8602150537634409,0.44086021505376344,153
205,United Arab Emirates,UAE,AFC,99,43,24,32,150,107,43,1.5151515151515151,1.0808080808080809,0.43434343434343436,153
145,Oman,OMA,AFC,102,44,28,30,116,97,19,1.1372549019607843,0.9509803921568627,0.43137254901960786,160
186,Switzerland,SUI,UEFA,100,43,33,24,183,116,67,1.83,1.16,0.43,162
158,Romania,ROU,UEFA,84,36,22,26,129,93,36,1.5357142857142858,1.1071428571428572,0.42857142857142855,130
36,Cameroon,CMR,CAF,82,35,29,18,104,65,39,1.2682926829268293,0.7926829268292683,0.4268292682926829,134
74,Gabon,GAB,CAF,62,26,14,22,84,80,4,1.3548387096774193,1.2903225806451613,0.41935483870967744,92
184,Suriname,SUR,CONCACAF,48,20,12,16,85,53,32,1.7708333333333333,1.1041666666666667,0.4166666666666667,72
75,Georgia,GEO,UEFA,82,34,19,29,124,104,20,1.5121951219512195,1.2682926829268293,0.4146341463414634,121
104,Kosovo,KOS,UEFA,82,34,20,28,123,100,23,1.5,1.2195121951219512,0.4146341463414634,122
93,Indonesia,IDN,AFC,87,36,18,33,147,133,14,1.6896551724137931,1.528735632183908,0.41379310344827586,126
172,Slovakia,SVK,UEFA,87,36,21,30,120,100,20,1.3793103448275863,1.1494252873563218,0.41379310344827586,129
161,Samoa,SAM,OFC,17,7,0,10,28,50,-22,1.6470588235294117,2.9411764705882355,0.4117647058823529,21
82,Guatemala,GUA,CONCACAF,88,36,22,30,132,101,31,1.5,1.1477272727272727,0.4090909090909091,130
181,St Lucia,LCA,CONCACAF,32,13,5,14,35,52,-17,1.09375,1.625,0.40625,44
149,Papua New Guinea,PNG,OFC,32,13,8,11,52,53,-1,1.625,1.65625,0.40625,47
34,Cabo Verde,CPV,CAF,74,30,24,20,88,71,17,1.1891891891891893,0.9594594594594594,0.40540540540540543,114
142,North Macedonia,MKD,UEFA,84,34,22,28,118,110,8,1.4047619047619047,1.3095238095238095,0.40476190476190477,124
61,Ecuador,ECU,CONMEBOL,95,38,34,23,114,85,29,1.2,0.8947368421052632,0.4,148
97,Jamaica,JAM,CONCACAF,100,40,26,34,139,117,22,1.39,1.17,0.4,146
138,New Zealand,NZL,OFC,50,20,7,23,90,60,30,1.8,1.2,0.4,67
171,Singapore,SGP,AFC,73,29,15,29,104,121,-17,1.4246575342465753,1.6575342465753424,0.3972602739726027,102
60,Dominican Republic,DOM,CONCACAF,53,21,11,21,94,68,26,1.7735849056603774,1.2830188679245282,0.39622641509433965,74
211,Wales,WAL,UEFA,86,34,26,26,107,96,11,1.244186046511628,1.1162790697674418,0.3953488372093023,128
182,St Vincent and the Grenadines,VIN,CONCACAF,51,20,9,22,79,92,-13,1.5490196078431373,1.803921568627451,0.39215686274509803,69
72,Finland,FIN,UEFA,87,34,11,42,100,114,-14,1.1494252873563218,1.3103448275862069,0.39080459770114945,113
2,Albania,ALB,UEFA,82,32,17,33,90,87,3,1.0975609756097562,1.0609756097560976,0.3902439024390244,113
215,Zambia,ZAM,CAF,82,32,17,33,107,117,-10,1.3048780487804879,1.4268292682926829,0.3902439024390244,113
180,St Kitts and Nevis,SKN,CONCACAF,41,16,5,20,55,79,-24,1.3414634146341464,1.9268292682926829,0.3902439024390244,53
164,Saudi Arabia,KSA,AFC,118,46,31,41,135,118,17,1.1440677966101696,1.0,0.3898305084745763,169
173,Slovenia,SVN,UEFA,85,33,31,21,112,84,28,1.3176470588235294,0.9882352941176471,0.38823529411764707,130
148,Panama,PAN,CONCACAF,111,43,24,44,154,164,-10,1.3873873873873874,1.4774774774774775,0.38738738738738737,153
6,Angola,ANG,CAF,75,29,27,19,87,63,24,1.16,0.84,0.38666666666666666,114
95,Israel,ISR,UEFA,75,29,15,31,123,129,-6,1.64,1.72,0.38666666666666666,102
47,Congo DR,COD,CAF,85,32,29,24,95,72,23,1.1176470588235294,0.8470588235294118,0.3764705882352941,125
77,Ghana,GHA,CAF,80,30,23,27,98,87,11,1.225,1.0875,0.375,113
192,The Gambia,GAM,CAF,62,23,16,23,83,77,6,1.3387096774193548,1.2419354838709677,0.3709677419354839,85
189,Tajikistan,TJK,AFC,65,24,17,24,84,75,9,1.2923076923076924,1.1538461538461537,0.36923076923076925,89
83,Guinea,GUI,CAF,77,28,21,28,90,84,6,1.1688311688311688,1.0909090909090908,0.36363636363636365,105
45,Comoros,COM,CAF,78,28,16,34,94,106,-12,1.205128205128205,1.358974358974359,0.358974358974359,100
203,Uganda,UGA,CAF,73,26,19,28,67,76,-9,0.9178082191780822,1.0410958904109588,0.3561643835616438,97
52,Cuba,CUB,CONCACAF,59,21,9,29,74,102,-28,1.2542372881355932,1.728813559322034,0.3559322033898305,72
129,Montserrat,MSR,CONCACAF,34,12,5,17,40,62,-22,1.1764705882352942,1.8235294117647058,0.35294117647058826,41
139,Nicaragua,NCA,CONCACAF,69,24,15,30,98,92,6,1.4202898550724639,1.3333333333333333,0.34782608695652173,87
71,Fiji,FIJ,OFC,46,16,12,18,69,71,-2,1.5,1.5434782608695652,0.34782608695652173,60
209,Venezuela,VEN,CONMEBOL,81,28,20,33,94,101,-7,1.1604938271604939,1.2469135802469136,0.345679012345679,104
112,Libya,LBY,CAF,61,21,16,24,69,74,-5,1.1311475409836065,1.2131147540983607,0.3442622950819672,79
65,Equatorial Guinea,EQG,CAF,70,24,19,27,69,80,-11,0.9857142857142858,1.1428571428571428,0.34285714285714286,91
23,Bermuda,BER,CONCACAF,50,17,6,27,80,115,-35,1.6,2.3,0.34,57
128,Montenegro,MNE,UEFA,80,27,17,36,89,116,-27,1.1125,1.45,0.3375,98
53,Curaçao,CUW,CONCACAF,57,19,16,22,95,77,18,1.6666666666666667,1.3508771929824561,0.3333333333333333,73
101,Kenya,KEN,CAF,57,19,21,17,65,69,-4,1.1403508771929824,1.2105263157894737,0.3333333333333333,78
152,Philippines,PHI,AFC,63,21,13,29,93,99,-6,1.4761904761904763,1.5714285714285714,0.3333333333333333,76
143,Northern Ireland,NIR,UEFA,78,26,15,37,84,100,-16,1.0769230769230769,1.2820512820512822,0.3333333333333333,93
187,Syria,SYR,AFC,85,28,19,38,108,111,-3,1.2705882352941176,1.3058823529411765,0.32941176470588235,103
22,Benin,BEN,CAF,70,23,20,27,70,82,-12,1.0,1.1714285714285715,0.32857142857142857,89
49,Costa Rica,CRC,CONCACAF,101,33,29,39,124,133,-9,1.2277227722772277,1.316831683168317,0.32673267326732675,128
106,Kyrgyz Republic,KGZ,AFC,62,20,13,29,85,94,-9,1.3709677419354838,1.5161290322580645,0.3225806451612903,73
157,Republic of Ireland,IRL,UEFA,81,26,27,28,90,84,6,1.1111111111111112,1.037037037037037,0.32098765432098764,105
196,Trinidad and Tobago,TRI,CONCACAF,81,26,21,34,120,133,-13,1.4814814814814814,1.6419753086419753,0.32098765432098764,99
63,El Salvador,SLV,CONCACAF,94,30,23,41,96,115,-19,1.0212765957446808,1.2234042553191489,0.3191489361702128,113
87,Honduras,HON,CONCACAF,88,28,22,38,106,120,-14,1.2045454545454546,1.3636363636363635,0.3181818181818182,106
208,Vanuatu,VAN,OFC,35,11,5,19,58,70,-12,1.6571428571428573,2.0,0.3142857142857143,38
88,"Hong Kong, China",HKG,AFC,64,20,14,30,83,91,-8,1.296875,1.421875,0.3125,74
30,Brunei Darussalam,BRU,AFC,32,10,1,21,27,91,-64,0.84375,2.84375,0.3125,31
41,Chile,CHI,CONMEBOL,87,27,23,37,99,111,-12,1.1379310344827587,1.2758620689655173,0.3103448275862069,104
21,Belize,BLZ,CONCACAF,39,12,4,23,44,70,-26,1.1282051282051282,1.794871794871795,0.3076923076923077,40
105,Kuwait,KUW,AFC,85,26,24,35,106,120,-14,1.2470588235294118,1.411764705882353,0.3058823529411765,102
120,Maldives,MDV,AFC,46,14,6,26,45,75,-30,0.9782608695652174,1.6304347826086956,0.30434782608695654,48
100,Kazakhstan,KAZ,UEFA,79,24,14,41,82,128,-46,1.0379746835443038,1.620253164556962,0.3037974683544304,86
151,Peru,PER,CONMEBOL,93,28,22,43,84,113,-29,0.9032258064516129,1.2150537634408602,0.3010752688172043,106
131,Mozambique,MOZ,CAF,80,24,22,34,83,106,-23,1.0375,1.325,0.3,94
117,Madagascar,MAD,CAF,64,19,18,27,78,95,-17,1.21875,1.484375,0.296875,75
133,Namibia,NAM,CAF,68,20,19,29,62,81,-19,0.9117647058823529,1.1911764705882353,0.29411764705882354,79
11,Aruba,ARU,CONCACAF,34,10,3,21,50,85,-35,1.4705882352941178,2.5,0.29411764705882354,33
147,Palestine,PLE,AFC,68,20,22,26,74,81,-7,1.088235294117647,1.1911764705882353,0.29411764705882354,82
19,Belarus,BLR,UEFA,79,23,19,37,82,123,-41,1.0379746835443038,1.5569620253164558,0.2911392405063291,88
109,Lebanon,LBN,AFC,73,21,17,35,71,81,-10,0.9726027397260274,1.1095890410958904,0.2876712328767123,80
123,Mauritania,MTN,CAF,80,23,22,35,64,97,-33,0.8,1.2125,0.2875,91
17,Bangladesh,BAN,AFC,70,20,19,31,58,98,-40,0.8285714285714286,1.4,0.2857142857142857,79
199,Turkmenistan,TKM,AFC,35,10,6,19,36,59,-23,1.0285714285714285,1.6857142857142857,0.2857142857142857,36
26,Bosnia and Herzegovina,BIH,UEFA,81,23,23,35,92,119,-27,1.1358024691358024,1.4691358024691359,0.2839506172839506,92
150,Paraguay,PAR,CONMEBOL,81,23,27,31,75,95,-20,0.9259259259259259,1.1728395061728396,0.2839506172839506,96
59,Dominica,DMA,CONCACAF,36,10,8,18,38,66,-28,1.0555555555555556,1.8333333333333333,0.2777777777777778,38
160,Rwanda,RWA,CAF,55,15,17,23,51,54,-3,0.9272727272727272,0.9818181818181818,0.2727272727272727,62
118,Malawi,MWI,CAF,77,21,23,33,63,89,-26,0.8181818181818182,1.155844155844156,0.2727272727272727,86
102,Korea DPR,PRK,AFC,37,10,9,18,43,64,-21,1.162162162162162,1.7297297297297298,0.2702702702702703,39
27,Botswana,BOT,CAF,63,17,13,33,46,77,-31,0.7301587301587301,1.2222222222222223,0.2698412698412698,64
91,Iceland,ISL,UEFA,97,26,24,47,118,166,-48,1.2164948453608246,1.711340206185567,0.26804123711340205,102
38,Cayman Islands,CAY,CONCACAF,34,9,7,18,32,77,-45,0.9411764705882353,2.264705882352941,0.2647058823529412,34
134,Nepal,NEP,AFC,65,17,13,35,48,113,-65,0.7384615384615385,1.7384615384615385,0.26153846153846155,64
10,Armenia,ARM,UEFA,77,20,16,41,90,163,-73,1.1688311688311688,2.116883116883117,0.2597402597402597,76
35,Cambodia,CAM,AFC,58,15,10,33,69,129,-60,1.1896551724137931,2.2241379310344827,0.25862068965517243,55
92,India,IND,AFC,70,18,23,29,71,86,-15,1.0142857142857142,1.2285714285714286,0.2571428571428571,77
80,Grenada,GRN,CONCACAF,51,13,10,28,57,114,-57,1.1176470588235294,2.235294117647059,0.2549019607843137,49
69,Ethiopia,ETH,CAF,59,15,18,26,59,76,-17,1.0,1.2881355932203389,0.2542372881355932,63
190,Tanzania,TAN,CAF,71,18,20,33,58,78,-20,0.8169014084507042,1.0985915492957747,0.2535211267605634,74
115,Luxembourg,LUX,UEFA,79,20,15,44,70,126,-56,0.8860759493670886,1.5949367088607596,0.25316455696202533,75
170,Sierra Leone,SLE,CAF,52,13,18,21,52,74,-22,1.0,1.4230769230769231,0.25,57
122,Malta,MLT,UEFA,77,19,14,44,65,150,-85,0.8441558441558441,1.948051948051948,0.24675324675324675,71
84,Guinea-Bissau,GNB,CAF,61,15,17,29,58,85,-27,0.9508196721311475,1.3934426229508197,0.2459016393442623,62
194,Togo,TOG,CAF,57,14,22,21,60,68,-8,1.0526315789473684,1.1929824561403508,0.24561403508771928,64
183,Sudan,SDN,CAF,74,18,22,34,57,95,-38,0.7702702702702703,1.2837837837837838,0.24324324324324326,76
8,Antigua and Barbuda,ATG,CONCACAF,37,9,5,23,41,91,-50,1.1081081081081081,2.4594594594594597,0.24324324324324326,32
70,Faroe Islands,FRO,UEFA,79,19,15,45,67,133,-66,0.8481012658227848,1.6835443037974684,0.24050632911392406,72
43,Chinese Taipei,TPE,AFC,42,10,4,28,47,100,-53,1.119047619047619,2.380952380952381,0.23809523809523808,34
111,Liberia,LBR,CAF,59,14,12,33,49,85,-36,0.8305084745762712,1.4406779661016949,0.23728813559322035,54
140,Niger,NIG,CAF,65,15,14,36,64,107,-43,0.9846153846153847,1.646153846153846,0.23076923076923078,59
33,Burundi,BDI,CAF,52,12,15,25,57,79,-22,1.0961538461538463,1.5192307692307692,0.23076923076923078,51
39,Central African Republic,CTA,CAF,49,11,10,28,50,87,-37,1.0204081632653061,1.7755102040816326,0.22448979591836735,43
25,Bolivia,BOL,CONMEBOL,85,19,11,55,80,167,-87,0.9411764705882353,1.964705882352941,0.2235294117647059,68
132,Myanmar,MYA,AFC,63,14,11,38,62,162,-100,0.9841269841269841,2.5714285714285716,0.2222222222222222,53
127,Mongolia,MNG,AFC,36,8,3,25,27,81,-54,0.75,2.25,0.2222222222222222,27
18,Barbados,BRB,CONCACAF,50,11,10,29,64,114,-50,1.28,2.28,0.22,43
67,Estonia,EST,UEFA,87,19,18,50,72,161,-89,0.8275862068965517,1.8505747126436782,0.21839080459770116,75
14,Azerbaijan,AZE,UEFA,79,17,18,44,71,133,-62,0.8987341772151899,1.6835443037974684,0.21518987341772153,69
54,Cyprus,CYP,UEFA,80,17,15,48,75,157,-82,0.9375,1.9625,0.2125,66
31,Bulgaria,BUL,UEFA,81,17,27,37,79,128,-49,0.9753086419753086,1.5802469135802468,0.20987654320987653,78
48,Cook Islands,COK,OFC,10,2,0,8,5,33,-28,0.5,3.3,0.2,6
195,Tonga,TGA,OFC,10,2,0,8,12,43,-31,1.2,4.3,0.2,6
216,Zimbabwe,ZIM,CAF,62,12,25,25,52,71,-19,0.8387096774193549,1.1451612903225807,0.1935483870967742,61
126,Moldova,MDA,UEFA,83,16,17,50,61,171,-110,0.7349397590361446,2.0602409638554215,0.1927710843373494,65
212,Yemen,YEM,AFC,47,9,11,27,49,86,-37,1.0425531914893618,1.8297872340425532,0.19148936170212766,38
108,Latvia,LVA,UEFA,79,15,24,40,69,127,-58,0.8734177215189873,1.6075949367088607,0.189873417721519,69
146,Pakistan,PAK,AFC,32,6,3,23,19,66,-47,0.59375,2.0625,0.1875,21
110,Lesotho,LES,CAF,64,12,22,30,44,94,-50,0.6875,1.46875,0.1875,58
179,Sri Lanka,SRI,AFC,49,9,11,29,37,91,-54,0.7551020408163265,1.8571428571428572,0.1836734693877551,38
124,Mauritius,MRI,CAF,44,8,11,25,36,60,-24,0.8181818181818182,1.3636363636363635,0.18181818181818182,35
1,Afghanistan,AFG,AFC,40,7,12,21,28,69,-41,0.7,1.725,0.175,33
200,Turks and Caicos Islands,TCA,CONCACAF,23,4,5,14,20,81,-61,0.8695652173913043,3.5217391304347827,0.17391304347826086,17
15,Bahamas,BAH,CONCACAF,36,6,5,25,41,114,-73,1.1388888888888888,3.1666666666666665,0.16666666666666666,23
46,Congo,CGO,CAF,42,7,13,22,37,72,-35,0.8809523809523809,1.7142857142857142,0.16666666666666666,34
177,South Sudan,SSD,CAF,49,8,10,31,31,83,-52,0.6326530612244898,1.6938775510204083,0.16326530612244897,34
24,Bhutan,BHU,AFC,26,4,2,20,12,66,-54,0.46153846153846156,2.5384615384615383,0.15384615384615385,14
68,Eswatini,SWZ,CAF,59,9,21,29,52,93,-41,0.8813559322033898,1.576271186440678,0.15254237288135594,48
114,Lithuania,LTU,UEFA,81,12,17,52,55,151,-96,0.6790123456790124,1.8641975308641976,0.14814814814814814,53
193,Timor-Leste,TLS,AFC,34,5,2,27,27,108,-81,0.7941176470588235,3.176470588235294,0.14705882352941177,17
78,Gibraltar,GIB,UEFA,77,11,11,55,42,208,-166,0.5454545454545454,2.7012987012987013,0.14285714285714285,44
81,Guam,GUM,AFC,21,3,1,17,20,52,-32,0.9523809523809523,2.4761904761904763,0.14285714285714285,10
58,Djibouti,DJI,CAF,30,4,6,20,23,77,-54,0.7666666666666667,2.566666666666667,0.13333333333333333,18
107,Laos,LAO,AFC,39,5,7,27,33,98,-65,0.8461538461538461,2.5128205128205128,0.1282051282051282,22
29,British Virgin Islands,VGB,CONCACAF,33,4,9,20,29,80,-51,0.8787878787878788,2.4242424242424243,0.12121212121212122,21
116,Macau,MAC,AFC,17,2,1,14,8,42,-34,0.47058823529411764,2.4705882352941178,0.11764705882352941,7
201,US Virgin Islands,VIR,CONCACAF,27,3,5,19,22,73,-51,0.8148148148148148,2.7037037037037037,0.1111111111111111,14
5,Andorra,AND,UEFA,82,9,18,55,35,146,-111,0.4268292682926829,1.7804878048780488,0.10975609756097561,45
163,São Tomé and Príncipe,STP,CAF,30,3,4,23,21,80,-59,0.7,2.6666666666666665,0.1,13
7,Anguilla,AIA,CONCACAF,32,3,5,24,16,116,-100,0.5,3.625,0.09375,14
175,Somalia,SOM,CAF,22,2,3,17,11,42,-31,0.5,1.9090909090909092,0.09090909090909091,9
40,Chad,CHA,CAF,36,3,9,24,19,61,-42,0.5277777777777778,1.6944444444444444,0.08333333333333333,18
113,Liechtenstein,LIE,UEFA,77,5,10,62,27,204,-177,0.35064935064935066,2.6493506493506493,0.06493506493506493,25
169,Seychelles,SEY,CAF,44,2,10,32,18,133,-115,0.4090909090909091,3.022727272727273,0.045454545454545456,16
162,San Marino,SMR,UEFA,78,2,7,69,21,247,-226,0.2692307692307692,3.1666666666666665,0.02564102564102564,13
4,American Samoa,ASA,OFC,10,0,0,10,5,75,-70,0.5,7.5,0.0,0
66,Eritrea,ERI,CAF,2,0,0,2,1,4,-3,0.5,2.0,0.0,0
